Measure,Category,Comparison,OTC_Mean,Control_Mean,Difference,p_value,Significant,nonOTC_Mean
MDS Shift,Face,OTC vs Control,0.337957710653424,0.23931643981906603,0.09864127083435797,0.01148539383087269,*,
MDS Shift,Face,OTC vs nonOTC,0.337957710653424,,0.15366298354244584,0.0002516877943637537,***,0.18429472711097816
MDS Shift,Word,OTC vs Control,0.2594093223683262,0.25293864245089126,0.0064706799174349405,0.8663000591783496,ns,
MDS Shift,Word,OTC vs nonOTC,0.2594093223683262,,0.03753092877248665,0.31697920520442574,ns,0.22187839359583955
MDS Shift,Object,OTC vs Control,0.382612318291085,0.2802170964420858,0.10239522184899918,0.01923105286170025,*,
MDS Shift,Object,OTC vs nonOTC,0.382612318291085,,0.1259184036735091,0.017493677206787635,*,0.2566939146175759
MDS Shift,House,OTC vs Control,0.3682378924083232,0.2530262667680797,0.11521162564024351,0.007424265932921767,**,
MDS Shift,House,OTC vs nonOTC,0.3682378924083232,,0.1313605890488868,0.005077031897452021,**,0.2368773033594364
